{"chunk_definitions":[{"row":326,"row_count":1,"visible":true,"expansion_state":0,"options":{"engine":"r","label":"unnamed-chunk-7","dev":"png"},"document_id":"C5B9D318","chunk_id":"c7mzyqdisfife","chunk_label":"unnamed-chunk-19"},{"row":331,"row_count":1,"visible":true,"expansion_state":0,"options":{"engine":"r","label":"unnamed-chunk-9","dev":"png"},"document_id":"C5B9D318","chunk_id":"cax0132iovr0i","chunk_label":"unnamed-chunk-20"},{"row":342,"row_count":1,"visible":true,"expansion_state":0,"options":{"engine":"r","label":"unnamed-chunk-26","dev":"png"},"document_id":"C5B9D318","chunk_id":"ceocstqlhfanq","chunk_label":"unnamed-chunk-21"},{"row":391,"row_count":1,"visible":true,"expansion_state":0,"options":{"engine":"r","label":"unnamed-chunk-43","dev":"png"},"document_id":"C5B9D318","chunk_id":"c31me8lqmu6h5","chunk_label":"unnamed-chunk-24"},{"row":415,"row_count":1,"visible":true,"expansion_state":0,"options":{"engine":"r","label":"unnamed-chunk-48","dev":"png"},"document_id":"C5B9D318","chunk_id":"cx08dudaxtnhp","chunk_label":"unnamed-chunk-26"},{"row":421,"row_count":1,"visible":true,"expansion_state":0,"options":{"engine":"r","label":"unnamed-chunk-50","dev":"png"},"document_id":"C5B9D318","chunk_id":"c2h9hbdmf012k","chunk_label":"unnamed-chunk-27"},{"row":432,"row_count":1,"visible":true,"expansion_state":0,"options":{"engine":"r","label":"unnamed-chunk-44","dev":"png"},"document_id":"C5B9D318","chunk_id":"c34hphm1m2rdz","chunk_label":"unnamed-chunk-28"},{"row":500,"row_count":1,"visible":true,"expansion_state":0,"options":{"engine":"r","label":"unnamed-chunk-51","dev":"png"},"document_id":"C5B9D318","chunk_id":"cenzin8793vt1","chunk_label":"unnamed-chunk-32"}],"doc_write_time":1761632042}