"0","gremio_orden <- c(""Omnivoro"" = 1,"
"0","                  ""Carnivoro"" = 2,"
"0","                  ""Insectivoro"" = 2,"
"0","                  ""Frugivoro"" = 2,"
"0","                  ""Nectarivoro"" = 3,"
"0","                  ""Piscivoro"" = 2,"
"0","                  ""Carn_acuatico"" = 3,"
"0","                  ""Inv_terrestre"" = 3,"
"0","                  ""Inv_acuatico"" = 3,"
"0","                  ""Inv_migratorio"" = 4,"
"0","                  ""Gran_migratorio"" = 4)"
"0",""
"0","Aves_numerica <- Aves_numerica %>%"
"0","  mutate(Gremio_num = gremio_orden[`Gremio_trofico`])"
