{"chunk_definitions":[{"row":67,"row_count":1,"visible":true,"expansion_state":0,"options":{"engine":"r","label":"unnamed-chunk-2","dev":"png"},"document_id":"EA54094C","chunk_id":"cqtap1xb5pspj","chunk_label":"unnamed-chunk-1"},{"row":107,"row_count":1,"visible":true,"expansion_state":0,"options":{"engine":"r","label":"unnamed-chunk-3","dev":"png"},"document_id":"EA54094C","chunk_id":"c1af07t1teb2q","chunk_label":"unnamed-chunk-2"},{"row":123,"row_count":1,"visible":true,"expansion_state":0,"options":{"engine":"r","label":"unnamed-chunk-4","dev":"png"},"document_id":"EA54094C","chunk_id":"cd41qazv17hk6","chunk_label":"unnamed-chunk-3"},{"row":136,"row_count":1,"visible":true,"expansion_state":0,"options":{"engine":"r","label":"unnamed-chunk-5","dev":"png"},"document_id":"EA54094C","chunk_id":"czhzgr7esqbc5","chunk_label":"unnamed-chunk-4"},{"row":178,"row_count":1,"visible":true,"expansion_state":0,"options":{"engine":"r","label":"unnamed-chunk-8","dev":"png"},"document_id":"EA54094C","chunk_id":"cyoqrjcubjtb0","chunk_label":"unnamed-chunk-7"},{"row":188,"row_count":1,"visible":true,"expansion_state":0,"options":{"engine":"r","label":"unnamed-chunk-9","dev":"png"},"document_id":"EA54094C","chunk_id":"crb757rix3sxc","chunk_label":"unnamed-chunk-8"},{"row":244,"row_count":1,"visible":true,"expansion_state":0,"options":{"engine":"r","label":"unnamed-chunk-12","dev":"png"},"document_id":"EA54094C","chunk_id":"c6vmo3h8j312t","chunk_label":"unnamed-chunk-9"},{"row":259,"row_count":1,"visible":true,"expansion_state":0,"options":{"engine":"r","label":"unnamed-chunk-13","dev":"png"},"document_id":"EA54094C","chunk_id":"cg0ef61r8yetg","chunk_label":"unnamed-chunk-10"},{"row":269,"row_count":1,"visible":true,"expansion_state":0,"options":{"engine":"r","label":"unnamed-chunk-14","dev":"png"},"document_id":"EA54094C","chunk_id":"czwnulmpfb575","chunk_label":"unnamed-chunk-11"},{"row":279,"row_count":1,"visible":true,"expansion_state":0,"options":{"engine":"r","label":"unnamed-chunk-15","dev":"png"},"document_id":"EA54094C","chunk_id":"cxuquhpzblk7e","chunk_label":"unnamed-chunk-12"},{"row":287,"row_count":1,"visible":true,"expansion_state":0,"options":{"engine":"r","label":"unnamed-chunk-16","dev":"png"},"document_id":"EA54094C","chunk_id":"cuq7bw3xa9o1t","chunk_label":"unnamed-chunk-13"},{"row":294,"row_count":1,"visible":true,"expansion_state":0,"options":{"engine":"r","label":"unnamed-chunk-17","dev":"png"},"document_id":"EA54094C","chunk_id":"cqx7wc2obg1fw","chunk_label":"unnamed-chunk-14"},{"row":306,"row_count":1,"visible":true,"expansion_state":0,"options":{"engine":"r","label":"unnamed-chunk-18","dev":"png"},"document_id":"EA54094C","chunk_id":"cc464buebzk3v","chunk_label":"unnamed-chunk-15"},{"row":316,"row_count":1,"visible":true,"expansion_state":0,"options":{"engine":"r","label":"unnamed-chunk-19","dev":"png"},"document_id":"EA54094C","chunk_id":"cifn63vboej9v","chunk_label":"unnamed-chunk-16"},{"row":326,"row_count":1,"visible":true,"expansion_state":0,"options":{"engine":"r","label":"unnamed-chunk-20","dev":"png"},"document_id":"EA54094C","chunk_id":"c4yt9x6s9fd53","chunk_label":"unnamed-chunk-17"},{"row":346,"row_count":1,"visible":true,"expansion_state":0,"options":{"engine":"r","label":"unnamed-chunk-27","dev":"png"},"document_id":"EA54094C","chunk_id":"cgr4anbt7iall","chunk_label":"unnamed-chunk-18"},{"row":365,"row_count":1,"visible":true,"expansion_state":0,"options":{"engine":"r","label":"unnamed-chunk-28","dev":"png"},"document_id":"EA54094C","chunk_id":"cxc0b70pg05m9","chunk_label":"unnamed-chunk-19"},{"row":381,"row_count":1,"visible":true,"expansion_state":0,"options":{"engine":"r","label":"unnamed-chunk-29","dev":"png"},"document_id":"EA54094C","chunk_id":"ci719v2i7adfz","chunk_label":"unnamed-chunk-20"},{"row":392,"row_count":1,"visible":true,"expansion_state":0,"options":{"engine":"r","label":"unnamed-chunk-25","dev":"png"},"document_id":"EA54094C","chunk_id":"ciqabchhbkba5","chunk_label":"unnamed-chunk-21"},{"row":413,"row_count":1,"visible":true,"expansion_state":0,"options":{"engine":"r","label":"unnamed-chunk-30","dev":"png"},"document_id":"EA54094C","chunk_id":"ccjgtoup4wj0y","chunk_label":"unnamed-chunk-22"},{"row":431,"row_count":1,"visible":true,"expansion_state":0,"options":{"engine":"r","label":"unnamed-chunk-33","dev":"png"},"document_id":"EA54094C","chunk_id":"cpmyvl24gk7kt","chunk_label":"unnamed-chunk-23"}],"doc_write_time":1761606978}