"0",""
"0","GG_A <- ggplot(Aves_completa, aes(x=Ambiente, fill=Ambiente))+"
"0","  geom_bar()+"
"0","  theme_minimal()+"
"0","  scale_x_discrete(labels = c("
"0","    ""Terrestre"" = ""T"","
"0","    ""Dulceacuicola_Terrestre"" = ""D_T"","
"0","    ""Dulceacuicola"" = ""D"","
"0","    ""Marino_Dulceacuicola_Salobre"" = ""M_D_S"""
"0","  )) +"
"0","  scale_fill_viridis_d(option = ""D"")+"
"0","  labs( title = ""Diversidad de ambientes ocupados"", subtitle = ""Datos extraidos de CONABIO"", y=""Frecuencia"")"
"0","  "
"0","GG_A"
