"0","#Para la extracción de los registros desde Gbif"
"0","#Ejemplo con Catartes aura"
"0","Ca_au_sp <- occ_search("
"0","  scientificName = ""Cathartes aura"","
"0","  hasCoordinate = TRUE,"
"0","  hasGeospatialIssue = FALSE"
"0",")$data"
"0",""
"0","#Se descargo y guardo cada registro de las 36 especies de manera individual con  el siguiente formato:"
"0","#Primeras dos letras del epiteto generico_Primeras dos  letras del epiteto especifico_sp"
"0",""
"0","#Se utilizará la función filter para seleccionar los datos de mayor confianza posible"
"0","Ca_au_sp <- Ca_au_sp %>%"
"0","  filter(basisOfRecord %in% c(""HUMAN_OBSERVATION"", ""PRESERVED_SPECIMEN""))"
"0",""
"0","#Se convirtira en un archivo espacial para poder extraer los datos climaticos de World clim"
"0","Ca_au_sp_vect <- vect(Ca_au_sp, geom = c(""decimalLongitude"", ""decimalLatitude""), crs = ""EPSG:4326"")"
"0","#--------------------------------------------------"
"0","#Para extraer las capas clímaticas"
"0","env <- worldclim_global(var = ""bio"", res = 10, path = ""datos_wc"")"
"0",""
"0","#Para nombrar las capas clímaticas"
"0","v_names <- vector()"
"0","for(i in 1:19){"
"0","  v_names[i] <- paste0(""bio_"", sprintf(""%02d"", i))"
"0","}"
"0",""
"0","names(env) <- v_names"
"0",""
"0","#Se extraen los datos climaticos a traves del archivo vectorial, ademas de agregar la columna de species"
"0","Ca_au_env <- extract(env, Ca_au_sp_vect) "
"0",""
"0","Ca_au_env$species <- c(""Cathartes aura"")"
